,altitude_above_seaLevel(feet), compass_heading(degrees),latitude,longitude,altitude(feet), roll(degrees), pitch(degrees),height_above_takeoff(feet),gimbal_heading(degrees),gimbal_pitch(degrees)
3734,2019.2906984756,308.7,40.2732472373219,-7.499214414693,2019.2906984756,8.4,2.9,264.763788,308.2,-89.9
3735,2019.2906984756,308.7,40.2732472312771,-7.49921443732695,2019.2906984756,8.4,3.1,264.763788,308.2,-89.9
3736,2019.2906984756,308.7,40.2732472310687,-7.4992144646314,2019.2906984756,8.7,2.9,264.763788,308.2,-89.9
3737,2019.2906984756,308.7,40.2732472456596,-7.49921446238597,2019.2906984756,8.7,2.9,264.763788,308.2,-89.9
3738,2019.2906984756,308.7,40.2732473544657,-7.49921447334367,2019.2906984756,8.6,3.0,264.763788,308.2,-89.9
3739,2019.2906984756,308.8,40.2732473490462,-7.49921445017082,2019.2906984756,8.5,3.4,264.763788,308.2,-89.9
3740,2019.2906984756,308.7,40.2732473340385,-7.49921441810605,2019.2906984756,8.4,3.2,264.763788,308.2,-89.9
3741,2019.2906984756,308.8,40.2732472981866,-7.4992143897238,2019.2906984756,8.3,3.0,264.763788,308.2,-89.9
3742,2019.2906984756,308.8,40.2732471526949,-7.49921434131229,2019.2906984756,8.5,3.1,264.763788,308.2,-89.9
3743,2019.2906984756,308.8,40.2732471479008,-7.49921435253945,2019.2906984756,8.4,3.2,264.763788,308.2,-89.9
3744,2018.9626144756,308.8,40.2732471572806,-7.4992143705029,2018.9626144756,8.0,3.1,264.435704,308.2,-89.9
3745,2019.2906984756,308.7,40.2732471712462,-7.49921433143239,2019.2906984756,8.1,3.0,264.763788,308.2,-89.9
3746,2018.9626144756,308.6,40.2732472179369,-7.49921431409766,2018.9626144756,8.0,2.9,264.435704,308.2,-89.9
3747,2018.9626144756,308.6,40.2732472362797,-7.49921428059582,2018.9626144756,8.1,3.1,264.435704,308.2,-89.9
3748,2018.9626144756,308.6,40.2732472558732,-7.4992142586804,2018.9626144756,8.0,3.1,264.435704,308.2,-89.9
3749,2018.9626144756,308.6,40.2732472731738,-7.49921426649451,2018.9626144756,8.1,3.3,264.435704,308.2,-89.9
3750,2018.9626144756,308.5,40.2732472929756,-7.49921428364961,2018.9626144756,8.1,3.4,264.435704,308.2,-89.9
3751,2018.9626144756,308.5,40.273247309234,-7.49921436637131,2018.9626144756,8.0,3.5,264.435704,308.2,-89.9
3752,2018.9626144756,308.6,40.2732473211151,-7.49921440113059,2018.9626144756,8.1,3.7,264.435704,308.2,-89.9
3753,2018.9626144756,308.6,40.2732473615527,-7.49921443103974,2018.9626144756,8.0,3.9,264.435704,308.2,-89.9
3754,2019.2906984756,308.6,40.2732474059506,-7.49921445852383,2019.2906984756,8.2,3.6,264.763788,308.2,-89.9
3755,2019.2906984756,308.6,40.2732474222089,-7.49921454070663,2019.2906984756,8.3,3.6,264.763788,308.2,-89.9
3756,2018.9626144756,308.6,40.273247415122,-7.49921454034736,2018.9626144756,8.3,3.7,264.435704,308.2,-89.9
3757,2019.2906984756,308.6,40.2732473865656,-7.49921456073588,2019.2906984756,8.2,3.4,264.763788,308.2,-89.9
3758,2019.2906984756,308.6,40.2732473473787,-7.4992145837291,2019.2906984756,8.6,3.2,264.763788,308.2,-89.9
3759,2019.2906984756,308.6,40.2732472454511,-7.49921459423772,2019.2906984756,8.7,3.2,264.763788,308.2,-89.9
3760,2019.2906984756,308.6,40.2732472196045,-7.49921456837034,2019.2906984756,8.3,3.4,264.763788,308.2,-89.9
3761,2019.6187824756,308.6,40.2732472064727,-7.49921453531759,2019.6187824756,8.2,3.5,265.091872,308.2,-89.9
3762,2019.6187824756,308.6,40.273247189589,-7.49921449992959,2019.6187824756,8.4,3.3,265.091872,308.2,-89.9
3763,2019.2906984756,308.7,40.2732471039198,-7.49921456702309,2019.2906984756,8.6,3.3,264.763788,308.2,-89.9
3764,2019.2906984756,308.7,40.2732470478492,-7.49921459064503,2019.2906984756,8.6,3.3,264.763788,308.2,-89.9
3765,2019.2906984756,308.7,40.2732470230448,-7.49921455471812,2019.2906984756,8.6,3.0,264.763788,308.2,-89.9
3766,2019.2906984756,308.7,40.2732470074117,-7.4992145000194,2019.2906984756,8.6,3.0,264.763788,308.2,-89.9
3767,2019.2906984756,308.7,40.2732469678079,-7.49921446454158,2019.2906984756,8.7,3.2,264.763788,308.2,-89.9
3768,2018.9626144756,308.7,40.2732469154893,-7.49921439313685,2018.9626144756,8.7,3.1,264.435704,308.2,-89.9
3769,2019.2906984756,308.7,40.2732468979803,-7.49921436313789,2019.2906984756,8.7,2.9,264.763788,308.2,-89.9
3770,2019.2906984756,308.6,40.2732468894342,-7.49921433224075,2019.2906984756,8.8,2.8,264.763788,308.2,-89.9
3771,2018.9626144756,308.6,40.2732468573343,-7.49921431400784,2018.9626144756,8.6,2.8,264.435704,308.2,-89.9
3772,2018.9626144756,308.6,40.2732468319045,-7.49921437427523,2018.9626144756,8.5,2.8,264.435704,308.2,-89.9
3773,2018.9626144756,308.6,40.2732468162714,-7.49921433107312,2018.9626144756,8.8,2.7,264.435704,308.2,-89.9
3774,2018.9626144756,308.6,40.2732468098098,-7.49921427655404,2018.9626144756,8.9,2.8,264.435704,308.2,-89.9
3775,2019.2906984756,308.6,40.2732467820871,-7.49921425796187,2019.2906984756,8.8,2.6,264.763788,308.2,-89.9
3776,2019.2906984756,308.6,40.2732467606177,-7.4992142648778,2019.2906984756,8.8,2.7,264.763788,308.2,-89.9
3777,2019.2906984756,308.6,40.2732467629106,-7.49921427350025,2019.2906984756,9.0,2.8,264.763788,308.2,-89.9
3778,2019.2906984756,308.6,40.2732467785437,-7.49921427835039,2019.2906984756,8.5,2.7,264.763788,308.2,-89.9
3779,2018.9626144756,308.6,40.2732467704145,-7.49921428176344,2018.9626144756,8.3,2.7,264.435704,308.2,-89.9
3780,2018.9626144756,308.6,40.2732467531139,-7.49921438397549,2018.9626144756,8.5,2.7,264.435704,308.2,-89.9
3781,2018.9626144756,308.6,40.273246754573,-7.49921438631074,2018.9626144756,8.6,2.5,264.435704,308.2,-89.9
3782,2018.9626144756,308.6,40.2732467672879,-7.49921439071179,2018.9626144756,8.6,2.6,264.435704,308.2,-89.9
3783,2018.9626144756,308.6,40.2732467449847,-7.49921439861571,2018.9626144756,8.7,2.9,264.435704,308.2,-89.9
3784,2018.9626144756,308.6,40.2732467141354,-7.49921441029195,2018.9626144756,8.8,2.8,264.435704,308.2,-89.9
3785,2019.2906984756,308.6,40.273246660983,-7.49921445672748,2019.2906984756,8.9,3.0,264.763788,308.2,-89.9
3786,2018.9626144756,308.6,40.2732466741148,-7.49921447388258,2018.9626144756,8.8,3.1,264.435704,308.2,-89.9
3787,2019.2906984756,308.7,40.2732467037134,-7.49921448142723,2019.2906984756,8.7,3.3,264.763788,308.2,-89.9
3788,2019.2906984756,308.6,40.2732467372724,-7.49921448124759,2019.2906984756,8.5,3.5,264.763788,308.2,-89.9
3789,2018.9626144756,308.6,40.2732468014721,-7.49921447990034,2018.9626144756,8.7,3.3,264.435704,308.2,-89.9
3790,2018.9626144756,308.6,40.2732468277357,-7.49921445358388,2018.9626144756,8.4,3.5,264.435704,308.2,-89.9
3791,2018.9626144756,308.6,40.273246833572,-7.49921441226793,2018.9626144756,8.6,3.0,264.435704,308.2,-89.9
3792,2018.9626144756,308.5,40.2732468325298,-7.4992143658324,2018.9626144756,8.5,2.8,264.435704,308.2,-89.9
3793,2018.9626144756,308.6,40.2732467604093,-7.49921432146267,2018.9626144756,8.6,2.9,264.435704,308.2,-89.9
3794,2018.9626144756,308.6,40.2732467520717,-7.49921429056554,2018.9626144756,8.7,3.0,264.435704,308.2,-89.9
3795,2018.9626144756,308.5,40.2732467501957,-7.49921431149296,2018.9626144756,8.6,3.1,264.435704,308.2,-89.9
3796,2018.9626144756,308.5,40.2732467539476,-7.4992143470606,2018.9626144756,8.3,3.0,264.435704,308.2,-89.9
3797,2018.9626144756,308.6,40.2732467470691,-7.49921451591706,2018.9626144756,8.3,3.3,264.435704,308.2,-89.9
3798,2018.9626144756,308.6,40.2732467681216,-7.49921453253325,2018.9626144756,8.4,3.3,264.435704,308.2,-89.9
3799,2018.9626144756,308.6,40.2732468246091,-7.49921449930087,2018.9626144756,8.1,3.3,264.435704,308.2,-89.9
3800,2018.6345304756,308.5,40.2732468973549,-7.49921444343452,2018.6345304756,8.2,3.3,264.10762,308.2,-89.9
3801,2018.6345304756,308.6,40.2732469338321,-7.49921440705853,2018.6345304756,8.0,3.5,264.10762,308.2,-89.9
3802,2018.6345304756,308.6,40.2732470059526,-7.49921432110341,2018.6345304756,7.8,3.5,264.10762,308.2,-89.9
3803,2018.6345304756,308.5,40.2732470278389,-7.49921430538538,2018.6345304756,8.3,3.0,264.10762,308.2,-89.9
3804,2018.9626144756,308.5,40.2732470530602,-7.49921429945744,2018.9626144756,8.3,3.3,264.435704,308.2,-89.9
3805,2018.9626144756,308.5,40.2732470436804,-7.49921430799009,2018.9626144756,8.4,3.4,264.435704,308.2,-89.9
3806,2018.9626144756,308.6,40.2732469882351,-7.49921439035252,2018.9626144756,8.6,3.6,264.435704,308.2,-89.9
3807,2018.9626144756,308.6,40.2732469903195,-7.49921440768725,2018.9626144756,8.7,3.5,264.435704,308.2,-89.9
3808,2018.9626144756,308.5,40.27324700095,-7.49921442187838,2018.9626144756,8.6,3.0,264.435704,308.2,-89.9
3809,2018.9626144756,308.6,40.2732469967812,-7.49921443355463,2018.9626144756,8.8,3.1,264.435704,308.2,-89.9
3810,2018.9626144756,308.6,40.2732470069948,-7.49921447963088,2018.9626144756,8.8,3.1,264.435704,308.2,-89.9
3811,2018.9626144756,308.6,40.2732469546762,-7.49921450657606,2018.9626144756,8.7,2.8,264.435704,308.2,-89.9
3812,2018.9626144756,308.6,40.2732468958958,-7.49921454232334,2018.9626144756,8.6,3.0,264.435704,308.2,-89.9
3813,2018.9626144756,308.5,40.2732468756771,-7.49921455570611,2018.9626144756,8.8,3.0,264.435704,308.2,-89.9
3814,2018.9626144756,308.5,40.2732467908417,-7.4992146165124,2018.9626144756,8.9,3.3,264.435704,308.2,-89.9
3815,2018.9626144756,308.5,40.2732468083507,-7.49921465818761,2018.9626144756,8.9,3.4,264.435704,308.2,-89.9
3816,2018.9626144756,308.5,40.2732468381577,-7.4992147111798,2018.9626144756,8.8,3.7,264.435704,308.2,-89.9
3817,2018.9626144756,308.6,40.2732468358649,-7.49921473749626,2018.9626144756,8.8,3.8,264.435704,308.2,-89.9
3818,2018.9626144756,308.6,40.2732468233584,-7.49921475474118,2018.9626144756,8.8,3.7,264.435704,308.2,-89.9
3819,2018.9626144756,308.6,40.2732468294032,-7.49921479704511,2018.9626144756,8.6,3.8,264.435704,308.2,-89.9
3820,2018.9626144756,308.6,40.2732468475376,-7.49921478429106,2018.9626144756,8.6,3.8,264.435704,308.2,-89.9
3821,2018.9626144756,308.6,40.27324686192,-7.49921483925922,2018.9626144756,8.6,3.8,264.435704,308.2,-89.9
3822,2018.9626144756,308.5,40.2732468815134,-7.49921491120286,2018.9626144756,8.8,3.7,264.435704,308.2,-89.9
3823,2018.9626144756,308.5,40.2732470026176,-7.49921510170528,2018.9626144756,8.5,3.9,264.435704,308.2,-89.9
3824,2018.9626144756,308.4,40.2732470755718,-7.49921514356013,2018.9626144756,8.3,4.0,264.435704,308.2,-89.9
3825,2018.9626144756,308.4,40.2732471147587,-7.49921513233297,2018.9626144756,8.3,4.2,264.435704,308.2,-89.9
3826,2018.9626144756,308.5,40.2732471447742,-7.49921509811259,2018.9626144756,8.1,4.1,264.435704,308.2,-89.9
3827,2018.6345304756,308.5,40.2732470820335,-7.49921505329377,2018.6345304756,8.2,3.9,264.10762,308.2,-89.9
3828,2018.6345304756,308.5,40.2732470909965,-7.49921503092927,2018.6345304756,8.0,3.7,264.10762,308.2,-89.9
3829,2018.6345304756,308.5,40.2732470884952,-7.49921503057,2018.6345304756,7.9,3.9,264.10762,308.2,-89.9
3830,2018.6345304756,308.6,40.2732470824504,-7.49921503344416,2018.6345304756,8.0,4.1,264.10762,308.2,-89.9
3831,2018.3064464756,308.5,40.2732470982919,-7.49921507053869,2018.3064464756,7.7,3.7,263.779536,308.2,-89.9
3832,2018.3064464756,308.5,40.2732471372703,-7.49921503901283,2018.3064464756,7.9,3.7,263.779536,308.2,-89.9
3833,2017.9783624756,308.6,40.2732471870877,-7.49921497596111,2017.9783624756,7.7,4.0,263.451452,308.2,-89.9
3834,2018.3064464756,308.6,40.2732472360713,-7.49921489692191,2018.3064464756,7.8,3.9,263.779536,308.2,-89.9
3835,2018.3064464756,308.6,40.2732472416992,-7.49921485686341,2018.3064464756,7.9,3.7,263.779536,308.2,-89.9
3836,2018.6345304756,308.5,40.273247238781,-7.49921480521848,2018.6345304756,7.8,3.7,264.10762,308.2,-89.9
3837,2018.6345304756,308.5,40.2732472556647,-7.49921481078715,2018.6345304756,8.0,3.7,264.10762,308.2,-89.9
3838,2018.6345304756,308.5,40.2732472815114,-7.49921482776261,2018.6345304756,8.0,3.9,264.10762,308.2,-89.9
3839,2018.6345304756,308.5,40.2732472817198,-7.4992148224634,2018.6345304756,8.1,4.0,264.10762,308.2,-89.9
3840,2018.6345304756,308.5,40.2732472687965,-7.49921485901902,2018.6345304756,8.2,4.2,264.10762,308.2,-89.9
3841,2018.6345304756,308.5,40.2732472500368,-7.49921487213234,2018.6345304756,8.4,4.3,264.10762,308.2,-89.9
3842,2018.6345304756,308.6,40.273247224607,-7.49921489072452,2018.6345304756,8.4,4.1,264.10762,308.2,-89.9
3843,2018.6345304756,308.6,40.2732472348206,-7.499214905724,2018.6345304756,8.5,4.1,264.10762,308.2,-89.9
3844,2018.9626144756,308.6,40.273247287973,-7.49921497452403,2018.9626144756,8.7,3.9,264.435704,308.2,-89.9
3845,2018.6345304756,308.5,40.2732472416992,-7.49921496653029,2018.6345304756,8.8,3.8,264.10762,308.2,-89.9
3846,2018.6345304756,308.5,40.2732471764572,-7.49921495215953,2018.6345304756,8.6,3.7,264.10762,308.2,-89.9
3847,2018.9626144756,308.5,40.2732471403969,-7.49921497362586,2018.9626144756,8.7,3.6,264.435704,308.2,-89.9
3848,2018.9626144756,308.5,40.2732470436804,-7.49921508005932,2018.9626144756,8.7,3.5,264.435704,308.2,-89.9
3849,2018.9626144756,308.5,40.2732470530602,-7.49921510314236,2018.9626144756,8.8,4.0,264.435704,308.2,-89.9
3850,2019.2906984756,308.5,40.2732470757803,-7.49921512146508,2019.2906984756,8.8,4.1,264.763788,308.2,-89.9
3851,2018.9626144756,308.6,40.2732470728621,-7.49921512954863,2018.9626144756,8.7,4.3,264.435704,308.2,-89.9
3852,2018.9626144756,308.6,40.2732470607725,-7.49921513601548,2018.9626144756,8.7,4.4,264.435704,308.2,-89.9
3853,2018.9626144756,308.6,40.2732470778647,-7.49921516547554,2018.9626144756,8.6,4.5,264.435704,308.2,-89.9
3854,2018.9626144756,308.6,40.273247087453,-7.49921521271942,2018.9626144756,8.6,4.1,264.435704,308.2,-89.9
3855,2018.9626144756,308.6,40.2732470951653,-7.49921522502439,2018.9626144756,8.7,4.2,264.435704,308.2,-89.9
3856,2018.9626144756,308.6,40.2732471053789,-7.49921522484476,2018.9626144756,8.8,4.4,264.435704,308.1,-89.9
3857,2018.9626144756,308.6,40.2732471251808,-7.49921532813461,2018.9626144756,8.7,4.4,264.435704,308.2,-89.9
3858,2018.9626144756,308.5,40.2732471230963,-7.49921535543906,2018.9626144756,8.7,4.1,264.435704,308.2,-89.9
3859,2018.9626144756,308.5,40.2732471264314,-7.49921535579833,2018.9626144756,8.8,4.1,264.435704,308.2,-89.9
3860,2018.9626144756,308.6,40.2732471358112,-7.4992153488824,2018.9626144756,8.7,4.4,264.435704,308.2,-89.9
3861,2019.2906984756,308.6,40.2732471485261,-7.49921527172937,2019.2906984756,8.6,4.5,264.763788,308.1,-89.9
3862,2019.2906984756,308.6,40.273247163117,-7.49921524352675,2019.2906984756,8.6,4.6,264.763788,308.2,-89.9
3863,2018.9626144756,308.6,40.2732472139766,-7.49921525071213,2018.9626144756,8.3,4.5,264.435704,308.2,-89.9
3864,2018.9626144756,308.6,40.2732472687965,-7.49921526301709,2018.9626144756,8.3,4.2,264.435704,308.1,-89.9
3865,2018.9626144756,308.6,40.2732473361229,-7.49921532813461,2018.9626144756,8.5,4.0,264.435704,308.2,-89.9
3866,2018.9626144756,308.6,40.2732473413339,-7.49921531053043,2018.9626144756,8.4,4.0,264.435704,308.2,-89.9
3867,2018.9626144756,308.6,40.2732473288275,-7.49921528816593,2018.9626144756,8.4,4.0,264.435704,308.1,-89.9
3868,2019.2906984756,308.6,40.27324731111,-7.49921526526253,2019.2906984756,8.6,4.0,264.763788,308.1,-89.9
3869,2019.2906984756,308.6,40.2732472925587,-7.49921525493354,2019.2906984756,8.5,4.0,264.763788,308.2,-89.9
3870,2019.2906984756,308.6,40.2732471977182,-7.49921526544216,2019.2906984756,8.7,4.1,264.763788,308.2,-89.9
3871,2018.9626144756,308.6,40.2732471925071,-7.49921526912467,2018.9626144756,8.5,4.0,264.435704,308.1,-89.9
3872,2019.2906984756,308.6,40.2732471968844,-7.49921527577115,2019.2906984756,8.6,4.0,264.763788,308.1,-89.9
3873,2018.9626144756,308.6,40.2732472110584,-7.49921528349543,2018.9626144756,8.4,4.2,264.435704,308.1,-89.9
3874,2018.9626144756,308.5,40.2732472400317,-7.49921534295446,2018.9626144756,8.2,4.3,264.435704,308.2,-89.9
3875,2018.9626144756,308.6,40.273247260042,-7.4992153416072,2018.9626144756,8.2,4.4,264.435704,308.1,-89.9
3876,2018.9626144756,308.6,40.2732472773426,-7.49921533460146,2018.9626144756,8.1,4.3,264.435704,308.2,-89.9
3877,2018.9626144756,308.6,40.2732472852633,-7.49921532418265,2018.9626144756,8.2,4.3,264.435704,308.1,-89.9
3878,2019.2906984756,308.6,40.2732472910997,-7.49921531160824,2019.2906984756,8.1,4.4,264.763788,308.1,-89.9
3879,2019.2906984756,308.6,40.2732473231995,-7.49921529669857,2019.2906984756,8.3,4.5,264.763788,308.2,-89.9
3880,2018.9626144756,308.7,40.2732473582176,-7.49921527334608,2018.9626144756,8.2,4.4,264.435704,308.1,-89.9
3881,2019.2906984756,308.7,40.2732473548826,-7.49921528636958,2019.2906984756,8.2,4.1,264.763788,308.1,-89.9
3882,2019.2906984756,308.6,40.2732473630117,-7.49921540582655,2019.2906984756,8.3,4.0,264.763788,308.1,-89.9
3883,2018.9626144756,308.6,40.2732473342469,-7.49921540250331,2018.9626144756,8.3,3.7,264.435704,308.2,-89.9
3884,2019.2906984756,308.6,40.2732473029808,-7.49921539082707,2019.2906984756,8.3,3.7,264.763788,308.1,-89.9
3885,2018.9626144756,308.6,40.2732472800523,-7.49921537681557,2018.9626144756,8.4,3.9,264.435704,308.1,-89.9
3886,2018.9626144756,308.6,40.2732472596251,-7.49921536316335,2018.9626144756,8.4,4.0,264.435704,308.1,-89.9
3887,2018.9626144756,308.7,40.2732472116837,-7.49921537995918,2018.9626144756,8.5,4.1,264.435704,308.1,-89.9
3888,2019.2906984756,308.7,40.2732472114753,-7.4992153764563,2019.2906984756,8.4,4.1,264.763788,308.1,-89.9
3889,2018.9626144756,308.7,40.2732472173116,-7.4992153384636,2018.9626144756,8.6,4.2,264.435704,308.1,-89.9
3890,2019.2906984756,308.7,40.2732472214804,-7.49921528214817,2019.2906984756,8.5,4.0,264.763788,308.1,-89.9
3891,2019.2906984756,308.7,40.2732472779679,-7.49921522430585,2019.2906984756,8.6,4.0,264.763788,308.2,-89.9
3892,2019.2906984756,308.7,40.2732472735906,-7.49921519053456,2019.2906984756,8.6,3.7,264.763788,308.1,-89.9
3893,2019.2906984756,308.6,40.2732472669205,-7.49921516601444,2019.2906984756,8.5,3.5,264.763788,308.1,-89.9
3894,2019.2906984756,308.6,40.2732472617095,-7.49921514508702,2019.2906984756,8.6,3.5,264.763788,308.1,-89.9
3895,2019.2906984756,308.6,40.2732472727569,-7.49921520777947,2019.2906984756,8.6,3.6,264.763788,308.1,-89.9
3896,2019.2906984756,308.6,40.273247274216,-7.49921520418678,2019.2906984756,8.5,3.6,264.763788,308.1,-89.9
3897,2019.2906984756,308.6,40.2732472456596,-7.49921521855755,2019.2906984756,8.5,3.7,264.763788,308.1,-89.9
3898,2019.2906984756,308.6,40.2732472098077,-7.49921524325729,2019.2906984756,8.6,4.0,264.763788,308.1,-89.9
3899,2019.2906984756,308.6,40.2732471566553,-7.49921524155077,2019.2906984756,8.7,4.0,264.763788,308.1,-89.9
3900,2018.9626144756,308.6,40.2732471656183,-7.4992152219706,2018.9626144756,8.7,4.0,264.435704,308.2,-89.9
3901,2018.9626144756,308.7,40.273247147067,-7.49921521864736,2018.9626144756,8.6,3.9,264.435704,308.1,-89.9
3902,2018.9626144756,308.7,40.2732471208035,-7.4992152167612,2018.9626144756,8.5,4.1,264.435704,308.1,-89.9
3903,2018.9626144756,308.7,40.2732471543625,-7.49921521029436,2018.9626144756,8.5,4.2,264.435704,308.1,-89.9
3904,2018.9626144756,308.6,40.2732472514959,-7.49921523176069,2018.9626144756,8.4,4.1,264.435704,308.1,-89.9
3905,2018.9626144756,308.7,40.2732472831789,-7.49921521532412,2018.9626144756,8.4,4.1,264.435704,308.1,-89.9
3906,2018.9626144756,308.6,40.2732473079834,-7.49921519664213,2018.9626144756,8.3,4.2,264.435704,308.1,-89.9
3907,2018.9626144756,308.7,40.2732473129859,-7.49921518182228,2018.9626144756,8.5,4.3,264.435704,308.1,-89.9
3908,2018.9626144756,308.7,40.27324729506,-7.49921516718207,2018.9626144756,8.5,4.1,264.435704,308.1,-89.9
3909,2018.9626144756,308.7,40.2732473236164,-7.4992151574818,2018.9626144756,8.5,4.1,264.435704,308.1,-89.9
3910,2018.9626144756,308.7,40.2732473623864,-7.49921514580556,2018.9626144756,8.4,4.2,264.435704,308.1,-89.9
3911,2018.9626144756,308.7,40.2732473705156,-7.4992151345784,2018.9626144756,8.5,3.9,264.435704,308.1,-89.9
3912,2018.9626144756,308.6,40.2732473953201,-7.49921516763115,2018.9626144756,8.6,3.9,264.435704,308.1,-89.9
3913,2019.2906984756,308.6,40.2732474282537,-7.49921515811053,2019.2906984756,8.6,3.9,264.763788,308.1,-89.9
3914,2019.2906984756,308.6,40.2732474778626,-7.49921514841026,2019.2906984756,8.5,4.0,264.763788,308.1,-89.9
3915,2019.2906984756,308.6,40.2732475055853,-7.49921510619614,2019.2906984756,8.5,4.2,264.763788,308.2,-89.9
3916,2018.9626144756,308.5,40.2732475679091,-7.49921501557052,2018.9626144756,8.4,4.2,264.435704,308.1,-89.9
3917,2019.2906984756,308.6,40.2732475920882,-7.49921499895433,2019.2906984756,8.1,4.5,264.763788,308.1,-89.9
3918,2018.9626144756,308.6,40.2732476114732,-7.49921499087077,2018.9626144756,8.1,4.5,264.435704,308.1,-89.9
3919,2018.9626144756,308.6,40.2732476546205,-7.49921499473291,2018.9626144756,8.0,4.5,264.435704,308.1,-89.9
3920,2018.9626144756,308.7,40.273247700269,-7.49921500003213,2018.9626144756,8.2,4.4,264.435704,308.1,-89.9
3921,2019.2906984756,308.7,40.2732477100657,-7.4992150773648,2019.2906984756,8.5,4.5,264.763788,308.1,-89.9
3922,2019.2906984756,308.7,40.2732476981846,-7.49921507835279,2019.2906984756,8.4,4.5,264.763788,308.1,-89.9
3923,2018.9626144756,308.6,40.273247702145,-7.49921507431101,2018.9626144756,8.5,4.3,264.435704,308.1,-89.9
3924,2019.2906984756,308.6,40.2732477090235,-7.49921506470057,2019.2906984756,8.6,4.2,264.763788,308.1,-89.9
3925,2019.2906984756,308.6,40.2732476352355,-7.49921498296685,2019.2906984756,8.7,4.1,264.763788,308.1,-89.9
3926,2018.9626144756,308.6,40.2732476198109,-7.49921491272975,2018.9626144756,8.5,3.9,264.435704,308.1,-89.9
3927,2018.9626144756,308.6,40.2732476118901,-7.49921487204253,2018.9626144756,8.6,4.1,264.435704,308.1,-89.9
3928,2018.9626144756,308.6,40.2732476118901,-7.4992148380916,2018.9626144756,8.5,4.2,264.435704,308.1,-89.9
3929,2018.9626144756,308.6,40.2732476162674,-7.49921488569475,2018.9626144756,8.3,4.2,264.435704,308.1,-89.9
3930,2018.9626144756,308.6,40.2732476391959,-7.4992148854253,2018.9626144756,8.3,4.5,264.435704,308.1,-89.9
3931,2018.9626144756,308.6,40.2732476662932,-7.49921486234226,2018.9626144756,8.3,4.6,264.435704,308.1,-89.9
3932,2019.2906984756,308.7,40.2732476917229,-7.49921482946914,2019.2906984756,8.5,4.8,264.763788,308.2,-89.9
3933,2019.2906984756,308.7,40.2732477090235,-7.49921483925922,2019.2906984756,8.4,4.6,264.763788,308.1,-89.9
3934,2019.2906984756,308.6,40.2732477209047,-7.49921483611562,2019.2906984756,8.3,4.4,264.763788,308.1,-89.9
3935,2019.2906984756,308.6,40.2732477559227,-7.49921483943886,2019.2906984756,8.5,4.5,264.763788,308.1,-89.9
3936,2019.2906984756,308.6,40.2732478019881,-7.49921484294173,2019.2906984756,8.3,4.4,264.763788,308.1,-89.9
3937,2019.2906984756,308.6,40.2732478174128,-7.4992148037814,2019.2906984756,8.3,4.7,264.763788,308.1,-89.9
3938,2019.2906984756,308.7,40.2732478251251,-7.49921472797563,2019.2906984756,8.5,4.6,264.763788,308.1,-89.9
3939,2019.2906984756,308.6,40.2732478167874,-7.49921469851556,2019.2906984756,8.4,4.3,264.763788,308.1,-89.9
3940,2019.2906984756,308.6,40.2732478080329,-7.49921468055211,2019.2906984756,8.4,4.5,264.763788,308.1,-89.9
3941,2019.2906984756,308.6,40.2732478011544,-7.49921468603097,2019.2906984756,8.4,4.5,264.763788,308.1,-89.9
3942,2019.2906984756,308.6,40.2732477436247,-7.49921476650724,2019.2906984756,8.5,4.6,264.763788,308.1,-89.9
3943,2019.2906984756,308.6,40.2732477432078,-7.49921478734484,2019.2906984756,8.5,4.8,264.763788,308.1,-89.9
3944,2018.9626144756,308.6,40.2732477457091,-7.49921480719446,2018.9626144756,8.5,4.7,264.435704,308.1,-89.9
3945,2019.2906984756,308.6,40.2732477544636,-7.49921481797253,2019.2906984756,8.4,4.9,264.763788,308.1,-89.9
3946,2019.2906984756,308.6,40.2732477465429,-7.49921486701276,2019.2906984756,8.5,4.9,264.763788,308.1,-89.9
3947,2018.9626144756,308.6,40.2732477555058,-7.49921484770205,2018.9626144756,8.3,4.9,264.435704,308.1,-89.9
3948,2019.2906984756,308.6,40.273247763635,-7.49921481824198,2019.2906984756,8.2,4.6,264.763788,308.1,-89.9
3949,2018.9626144756,308.6,40.2732478057401,-7.49921482578663,2018.9626144756,8.3,4.7,264.435704,308.1,-89.9
3950,2019.2906984756,308.6,40.2732479237176,-7.4992149083287,2019.2906984756,8.2,4.5,264.763788,308.1,-89.9
3951,2019.2906984756,308.6,40.2732479441448,-7.49921486368952,2019.2906984756,8.4,4.7,264.763788,308.1,-89.9
3952,2019.2906984756,308.6,40.2732479576934,-7.49921479991926,2019.2906984756,8.2,4.7,264.763788,308.1,-89.9
3953,2019.2906984756,308.5,40.2732479589441,-7.4992147689323,2019.2906984756,8.2,4.4,264.763788,308.1,-89.9
3954,2018.9626144756,308.5,40.2732479624876,-7.49921475204666,2018.9626144756,8.3,4.7,264.435704,308.1,-89.9
3955,2018.9626144756,308.5,40.2732479195488,-7.49921469573123,2018.9626144756,8.1,4.8,264.435704,308.1,-89.9
3956,2018.9626144756,308.5,40.2732479333059,-7.49921470561113,2018.9626144756,8.1,5.1,264.435704,308.1,-89.9
3957,2018.9626144756,308.5,40.2732479474798,-7.49921468755786,2018.9626144756,8.1,5.2,264.435704,308.1,-89.9
3958,2018.9626144756,308.5,40.2732479637382,-7.49921465639127,2018.9626144756,7.9,4.9,264.435704,308.1,-89.9
3959,2018.9626144756,308.5,40.2732479193403,-7.49921468710877,2018.9626144756,7.9,5.0,264.435704,308.1,-89.9
3960,2018.9626144756,308.5,40.2732479368494,-7.49921467453435,2018.9626144756,7.9,5.2,264.435704,308.1,-89.9
3961,2018.9626144756,308.5,40.2732479827063,-7.4992146586367,2018.9626144756,7.9,5.3,264.435704,308.1,-89.9
3962,2018.9626144756,308.5,40.2732480389854,-7.4992146362722,2018.9626144756,7.7,5.3,264.435704,308.1,-89.9
3963,2018.9626144756,308.5,40.2732480671249,-7.49921464327795,2018.9626144756,7.5,5.2,264.435704,308.1,-89.9
3964,2018.6345304756,308.6,40.2732480692093,-7.4992146097761,2018.6345304756,7.4,5.1,264.10762,308.1,-89.9
3965,2018.6345304756,308.6,40.273248080882,-7.49921458471709,2018.6345304756,7.6,5.1,264.10762,308.1,-89.9
3966,2018.6345304756,308.7,40.2732480898449,-7.49921455965807,2018.6345304756,7.8,4.9,264.10762,308.1,-89.9
3967,2018.9626144756,308.7,40.2732480564944,-7.49921448412175,2018.9626144756,8.0,4.7,264.435704,308.1,-89.9
3968,2018.9626144756,308.7,40.2732480204341,-7.49921441720788,2018.9626144756,8.1,4.6,264.435704,308.1,-89.9
3969,2018.9626144756,308.6,40.2732479789544,-7.49921435101256,2018.9626144756,8.2,4.5,264.435704,308.1,-89.9
3970,2018.9626144756,308.6,40.2732479383084,-7.4992142810449,2018.9626144756,8.0,4.4,264.435704,308.1,-89.9
3971,2018.9626144756,308.6,40.2732479182981,-7.49921425769242,2018.9626144756,8.0,4.7,264.435704,308.1,-89.9
3972,2019.2906984756,308.7,40.2732478661879,-7.49921429128407,2019.2906984756,8.0,4.7,264.763788,308.1,-89.9
3973,2019.2906984756,308.6,40.2732478666048,-7.49921425975821,2019.2906984756,8.2,4.5,264.763788,308.1,-89.9
3974,2018.9626144756,308.6,40.2732478772353,-7.49921422140624,2018.9626144756,8.2,4.5,264.435704,308.1,-89.9
3975,2018.9626144756,308.6,40.2732478626444,-7.49921421646629,2018.9626144756,8.0,4.6,264.435704,308.1,-89.9
3976,2018.9626144756,308.7,40.2732478547237,-7.49921429469713,2018.9626144756,7.9,4.9,264.435704,308.1,-89.9
3977,2018.9626144756,308.7,40.2732478536815,-7.49921431463656,2018.9626144756,8.2,5.1,264.435704,308.1,-89.9
3978,2018.9626144756,308.8,40.2732478540983,-7.49921433224075,2018.9626144756,8.3,5.1,264.435704,308.1,-89.9
3979,2018.9626144756,308.8,40.2732478576418,-7.49921429936763,2018.9626144756,8.3,5.0,264.435704,308.1,-89.9
3980,2018.9626144756,308.7,40.2732478991216,-7.49921424332165,2018.9626144756,8.3,4.6,264.435704,308.1,-89.9
3981,2018.9626144756,308.7,40.2732478607684,-7.4992142029937,2018.9626144756,8.1,4.4,264.435704,308.1,-89.9
3982,2019.2906984756,308.7,40.2732478136608,-7.499214173354,2019.2906984756,8.0,4.6,264.763788,308.1,-89.9
3983,2019.2906984756,308.7,40.2732477936505,-7.49921416284538,2019.2906984756,8.1,4.8,264.763788,308.1,-89.9
3984,2019.2906984756,308.8,40.2732477040209,-7.49921419670649,2019.2906984756,8.2,4.9,264.763788,308.1,-89.9
3985,2019.2906984756,308.7,40.273247707356,-7.49921420002973,2019.2906984756,8.3,4.7,264.763788,308.1,-89.9
3986,2019.2906984756,308.6,40.2732477204878,-7.49921420479004,2019.2906984756,8.2,4.5,264.763788,308.1,-89.9
3987,2019.2906984756,308.6,40.2732477083982,-7.4992142258971,2019.2906984756,8.0,4.5,264.763788,308.1,-89.9
3988,2019.2906984756,308.6,40.2732476958918,-7.49921425930913,2019.2906984756,8.2,5.1,264.763788,308.1,-89.9
3989,2019.2906984756,308.6,40.273247687971,-7.49921438370604,2019.2906984756,8.3,5.3,264.763788,308.1,-89.9
3990,2019.2906984756,308.7,40.2732477115248,-7.4992144115494,2019.2906984756,7.9,5.6,264.763788,308.1,-89.9
3991,2019.2906984756,308.8,40.2732477359124,-7.49921442556089,2019.2906984756,7.8,5.7,264.763788,308.1,-89.9
3992,2019.2906984756,308.8,40.2732477496695,-7.49921442762669,2019.2906984756,8.0,5.4,264.763788,308.1,-89.9
3993,2019.2906984756,308.7,40.2732477807272,-7.49921441604026,2019.2906984756,8.0,5.1,264.763788,308.1,-89.9
3994,2019.6187824756,308.7,40.2732477675954,-7.49921439646009,2019.6187824756,8.1,5.2,265.091872,308.1,-89.9
3995,2019.2906984756,308.7,40.2732477373715,-7.49921440589091,2019.2906984756,8.0,5.3,264.763788,308.1,-89.9
3996,2019.6187824756,308.8,40.2732476954749,-7.49921441918386,2019.6187824756,8.0,5.2,265.091872,308.1,-89.9
3997,2019.6187824756,308.7,40.2732476027187,-7.49921445259589,2019.6187824756,8.3,5.0,265.091872,308.1,-89.9
3998,2019.6187824756,308.7,40.2732475558195,-7.49921443077029,2019.6187824756,8.5,4.8,265.091872,308.1,-89.9
3999,2019.6187824756,308.7,40.2732475293475,-7.49921439942406,2019.6187824756,8.1,4.6,265.091872,308.1,-89.9
4000,2019.2906984756,308.7,40.2732475085034,-7.49921436232953,2019.2906984756,8.2,4.6,264.763788,308.1,-89.9
4001,2019.2906984756,308.7,40.2732474459712,-7.499214441728,2019.2906984756,8.4,4.6,264.763788,308.1,-89.9
4002,2019.2906984756,308.7,40.2732473869824,-7.49921444792539,2019.2906984756,8.5,4.5,264.763788,308.1,-89.9
4003,2019.2906984756,308.7,40.2732473279937,-7.49921439169978,2019.2906984756,8.3,4.5,264.763788,308.1,-89.9
4004,2018.9626144756,308.8,40.2732472656699,-7.49921431095405,2018.9626144756,8.1,4.3,264.435704,308.1,-89.9
4005,2019.2906984756,308.7,40.2732472454511,-7.49921426254255,2019.2906984756,8.1,4.1,264.763788,308.1,-89.9
4006,2019.2906984756,308.7,40.2732472731738,-7.49921419958064,2019.2906984756,8.4,4.0,264.763788,308.1,-89.9
4007,2019.2906984756,308.7,40.2732472448258,-7.49921415161822,2019.2906984756,8.4,4.0,264.763788,308.1,-89.9
4008,2019.2906984756,308.6,40.2732472158525,-7.49921409826676,2019.2906984756,8.5,3.9,264.763788,308.1,-89.9
4009,2019.2906984756,308.5,40.2732471931325,-7.49921409458426,2019.2906984756,8.5,3.8,264.763788,308.1,-89.9
4010,2019.6187824756,308.6,40.2732471483177,-7.49921416024068,2019.6187824756,8.5,4.5,265.091872,308.1,-89.9
4011,2019.6187824756,308.6,40.2732471474839,-7.49921415557018,2019.6187824756,8.4,4.9,265.091872,308.1,-89.9
4012,2019.2906984756,308.7,40.2732471504021,-7.49921413751691,2019.2906984756,8.0,4.9,264.763788,308.1,-89.9
4013,2019.2906984756,308.8,40.2732471862539,-7.49921418044956,2019.2906984756,7.8,5.0,264.763788,308.1,-89.9
4014,2018.9626144756,308.8,40.2732472606673,-7.49921437220943,2018.9626144756,8.0,5.0,264.435704,308.1,-89.9
4015,2018.9626144756,308.8,40.2732472725484,-7.49921440301675,2018.9626144756,8.0,4.6,264.435704,308.1,-89.9
4016,2018.9626144756,308.8,40.2732472694218,-7.49921441604026,2018.9626144756,8.2,4.2,264.435704,308.1,-89.9
4017,2018.9626144756,308.7,40.2732472427414,-7.49921440544182,2018.9626144756,8.6,4.2,264.435704,308.1,-89.9
4018,2018.9626144756,308.7,40.273247189589,-7.49921438397549,2018.9626144756,8.6,4.4,264.435704,308.1,-89.9
4019,2019.2906984756,308.6,40.2732471608241,-7.49921435667104,2019.2906984756,8.6,4.2,264.763788,308.1,-89.9
4020,2018.9626144756,308.6,40.2732471391463,-7.49921432649244,2018.9626144756,8.7,4.1,264.435704,308.1,-89.9
4021,2018.9626144756,308.7,40.273247104962,-7.49921429900836,2018.9626144756,8.5,4.4,264.435704,308.1,-89.9
4022,2018.9626144756,308.7,40.2732470686933,-7.49921426388981,2018.9626144756,8.2,4.5,264.435704,308.1,-89.9
4023,2018.9626144756,308.8,40.2732469926124,-7.49921421466994,2018.9626144756,8.3,4.4,264.435704,308.1,-89.9
4024,2018.9626144756,308.8,40.2732470011585,-7.49921419167672,2018.9626144756,8.2,4.5,264.435704,308.1,-89.9
4025,2018.9626144756,308.8,40.273247009913,-7.49921417506053,2018.9626144756,8.4,4.1,264.435704,308.1,-89.9
4026,2018.9626144756,308.8,40.2732470176253,-7.49921415916287,2018.9626144756,8.4,4.2,264.435704,308.1,-89.9
4027,2018.9626144756,308.8,40.2732469671826,-7.49921423811225,2018.9626144756,8.6,4.0,264.435704,308.1,-89.9
4028,2018.9626144756,308.7,40.2732469054841,-7.49921422966943,2018.9626144756,8.8,4.0,264.435704,308.1,-89.9
4029,2018.9626144756,308.7,40.273246874218,-7.49921423029815,2018.9626144756,8.8,4.0,264.435704,308.1,-89.9
4030,2018.9626144756,308.7,40.2732468517064,-7.4992142300287,2018.9626144756,8.8,3.9,264.435704,308.1,-89.9
4031,2018.9626144756,308.8,40.2732468996478,-7.49921429577494,2018.9626144756,8.7,4.0,264.435704,308.1,-89.9
4032,2018.9626144756,308.8,40.2732469081939,-7.49921428912846,2018.9626144756,8.7,4.0,264.435704,308.1,-89.9
4033,2018.9626144756,308.8,40.2732468829725,-7.49921427933838,2018.9626144756,8.5,3.9,264.435704,308.1,-89.9
4034,2018.9626144756,308.8,40.2732468417012,-7.49921426604542,2018.9626144756,8.6,3.8,264.435704,308.1,-89.9
4035,2018.9626144756,308.8,40.2732468014721,-7.49921427924856,2018.9626144756,8.7,3.8,264.435704,308.1,-89.9
4036,2018.9626144756,308.8,40.2732467831294,-7.49921425984803,2018.9626144756,8.8,3.4,264.435704,308.1,-89.9
4037,2018.9626144756,308.8,40.2732467391483,-7.49921420883182,2018.9626144756,9.1,3.3,264.435704,308.1,-89.9
4038,2018.9626144756,308.7,40.273246694542,-7.49921414569028,2018.9626144756,9.1,3.5,264.435704,308.1,-89.9
4039,2018.9626144756,308.7,40.2732466922492,-7.49921411748766,2018.9626144756,8.9,3.5,264.435704,308.1,-89.9
4040,2018.9626144756,308.7,40.2732466901647,-7.49921406323803,2018.9626144756,8.9,3.7,264.435704,308.1,-89.9
4041,2018.9626144756,308.8,40.2732466914154,-7.49921405506466,2018.9626144756,8.8,3.5,264.435704,308.1,-89.9
4042,2018.9626144756,308.7,40.2732466909985,-7.49921404617275,2018.9626144756,8.5,3.7,264.435704,308.1,-89.9
4043,2018.9626144756,308.8,40.2732467145523,-7.49921400503644,2018.9626144756,8.4,3.9,264.435704,308.1,-89.9
4044,2018.9626144756,308.8,40.2732467443594,-7.49921396345105,2018.9626144756,8.5,3.7,264.435704,308.1,-89.9
4045,2018.6345304756,308.8,40.2732467187211,-7.49921392842231,2018.6345304756,8.4,3.4,264.10762,308.1,-89.9
4046,2018.6345304756,308.8,40.2732466789089,-7.49921389968079,2018.6345304756,8.4,3.4,264.10762,308.1,-89.9
4047,2018.6345304756,308.9,40.273246650561,-7.49921389213614,2018.6345304756,8.5,3.4,264.10762,308.1,-89.9
4048,2018.9626144756,308.8,40.273246534251,-7.49921397342076,2018.9626144756,8.8,3.4,264.435704,308.1,-89.9
4049,2018.9626144756,308.8,40.2732465115309,-7.49921396587611,2018.9626144756,8.8,3.1,264.435704,308.1,-89.9
4050,2018.9626144756,308.7,40.2732464956894,-7.49921395608603,2018.9626144756,9.0,2.8,264.435704,308.1,-89.9
4051,2018.9626144756,308.6,40.2732465034018,-7.49921391243484,2018.9626144756,8.6,2.7,264.435704,308.1,-89.9
4052,2019.2906984756,308.6,40.2732465584301,-7.49921386429278,2019.2906984756,8.5,3.2,264.763788,308.1,-89.9
4053,2019.2906984756,308.6,40.2732466053293,-7.49921380258832,2019.2906984756,8.4,3.4,264.763788,308.1,-89.9
4054,2018.9626144756,308.6,40.2732466588986,-7.49921373621336,2018.9626144756,8.2,3.5,264.435704,308.1,-89.9
4055,2018.9626144756,308.6,40.2732467110088,-7.49921371690264,2018.9626144756,8.2,3.4,264.435704,308.1,-89.9
4056,2018.9626144756,308.7,40.2732467622853,-7.49921370810055,2018.9626144756,8.0,3.3,264.435704,308.1,-89.9
4057,2018.9626144756,308.6,40.2732468427434,-7.49921374672198,2018.9626144756,8.1,3.1,264.435704,308.1,-89.9
4058,2018.9626144756,308.6,40.2732468710914,-7.4992137619011,2018.9626144756,8.1,3.4,264.435704,308.1,-89.9
4059,2018.9626144756,308.6,40.2732469152808,-7.4992137348661,2018.9626144756,7.9,3.4,264.435704,308.1,-89.9
4060,2018.9626144756,308.6,40.273246967391,-7.49921369678358,2018.9626144756,8.1,3.4,264.435704,308.1,-89.9
4061,2018.9626144756,308.7,40.273246911112,-7.49921374294965,2018.9626144756,8.0,3.7,264.435704,308.1,-89.9
4062,2018.9626144756,308.6,40.2732469192412,-7.49921373271048,2018.9626144756,8.0,3.5,264.435704,308.1,-89.9
4063,2018.9626144756,308.7,40.273246951758,-7.49921373621336,2018.9626144756,8.0,3.6,264.435704,308.1,-89.9
4064,2018.6345304756,308.7,40.2732469942799,-7.49921374259038,2018.6345304756,8.0,3.6,264.10762,308.1,-89.9
4065,2018.9626144756,308.6,40.2732469630138,-7.49921381947397,2018.9626144756,8.2,3.5,264.435704,308.1,-89.9
4066,2018.6345304756,308.6,40.2732469586365,-7.49921382369538,2018.6345304756,8.3,3.6,264.10762,308.1,-89.9
4067,2018.9626144756,308.7,40.273246981565,-7.49921381947397,2018.9626144756,8.2,3.5,264.435704,308.1,-89.9
4068,2018.6345304756,308.6,40.2732470136649,-7.49921380932461,2018.6345304756,8.1,3.4,264.10762,308.1,-89.9
4069,2018.6345304756,308.6,40.2732470157493,-7.49921369202326,2018.6345304756,8.0,3.3,264.10762,308.1,-89.9
4070,2018.6345304756,308.6,40.2732470190844,-7.49921362582794,2018.6345304756,8.1,3.3,264.10762,308.1,-89.9
4071,2018.6345304756,308.6,40.2732470568122,-7.49921359187701,2018.6345304756,8.1,3.5,264.10762,308.1,-89.9
4072,2018.9626144756,308.6,40.2732471047536,-7.49921356214749,2018.9626144756,8.0,3.5,264.435704,308.1,-89.9
4073,2018.9626144756,308.7,40.2732471251808,-7.49921355101015,2018.9626144756,8.0,3.4,264.435704,308.1,-89.9
4074,2018.9626144756,308.7,40.2732471520696,-7.49921359636787,2018.9626144756,7.7,3.5,264.435704,308.1,-89.9
4075,2018.9626144756,308.7,40.2732471818767,-7.49921359654751,2018.9626144756,7.9,3.4,264.435704,308.1,-89.9
4076,2018.6345304756,308.7,40.2732472131428,-7.49921359573915,2018.6345304756,8.0,3.1,264.10762,308.1,-89.9
4077,2018.6345304756,308.7,40.2732472483693,-7.49921359555952,2018.6345304756,8.1,3.0,264.10762,308.1,-89.9
4078,2018.6345304756,308.6,40.2732473567585,-7.49921366435954,2018.6345304756,8.2,2.9,264.10762,308.1,-89.9
4079,2018.6345304756,308.6,40.2732473565501,-7.49921362906136,2018.6345304756,8.2,2.8,264.10762,308.1,-89.9
4080,2018.6345304756,308.6,40.2732473488378,-7.49921358289528,2018.6345304756,8.2,3.0,264.10762,308.1,-89.9
4081,2018.6345304756,308.6,40.2732473392495,-7.49921357211721,2018.6345304756,8.2,3.0,264.10762,308.1,-89.9
4082,2018.9626144756,308.6,40.2732472512875,-7.49921354463313,2018.9626144756,8.4,3.1,264.435704,308.1,-89.9
4083,2018.9626144756,308.6,40.2732472592082,-7.49921356466238,2018.9626144756,8.5,3.3,264.435704,308.1,-89.9
4084,2018.9626144756,308.6,40.2732472731738,-7.49921359124829,2018.9626144756,8.3,3.3,264.435704,308.1,-89.9
4085,2018.6345304756,308.7,40.2732472892237,-7.49921361612767,2018.6345304756,8.4,3.4,264.10762,308.1,-89.9
4086,2018.6345304756,308.6,40.2732472896406,-7.49921369247235,2018.6345304756,8.4,3.3,264.10762,308.1,-89.9
4087,2018.6345304756,308.6,40.2732473394579,-7.4992136521444,2018.6345304756,8.3,3.0,264.10762,308.1,-89.9
4088,2018.6345304756,308.6,40.273247404283,-7.49921359690677,2018.6345304756,8.1,3.0,264.10762,308.1,-89.9
4089,2018.6345304756,308.7,40.2732474361745,-7.49921359798458,2018.6345304756,8.2,3.1,264.10762,308.1,-89.9
4090,2018.9626144756,308.7,40.2732474601452,-7.4992136157684,2018.9626144756,8.2,3.3,264.435704,308.1,-89.9
4091,2018.9626144756,308.7,40.2732475433131,-7.49921361244516,2018.9626144756,8.1,3.3,264.435704,308.1,-89.9
4092,2018.9626144756,308.6,40.273247592922,-7.49921360561905,2018.9626144756,8.2,3.1,264.435704,308.1,-89.9
4093,2018.6345304756,308.7,40.2732476081382,-7.49921359349372,2018.6345304756,8.0,3.2,264.10762,308.1,-89.9
4094,2018.9626144756,308.7,40.2732476100141,-7.4992135736441,2018.9626144756,8.2,2.9,264.435704,308.1,-89.9
4095,2018.9626144756,308.6,40.2732476241881,-7.49921357750625,2018.9626144756,8.2,3.0,264.435704,308.1,-89.9
4096,2018.9626144756,308.6,40.2732476508685,-7.49921355199814,2018.9626144756,8.1,2.8,264.435704,308.1,-89.9
4097,2018.9626144756,308.6,40.2732476504517,-7.49921352954382,2018.9626144756,8.2,2.6,264.435704,308.1,-89.9
4098,2018.9626144756,308.6,40.2732476496179,-7.49921351059238,2018.9626144756,8.1,2.5,264.435704,308.1,-89.9
4099,2018.6345304756,308.5,40.273247575413,-7.49921342598452,2018.6345304756,8.1,2.7,264.10762,308.1,-89.9
4100,2018.6345304756,308.5,40.2732475822915,-7.49921337290251,2018.6345304756,8.1,2.7,264.10762,308.1,-89.9
4101,2018.6345304756,308.5,40.2732476396127,-7.49921336032809,2018.6345304756,7.7,2.8,264.10762,308.1,-89.9
4102,2018.6345304756,308.6,40.2732477186118,-7.49921336562731,2018.6345304756,7.7,2.9,264.10762,308.1,-89.9
4103,2018.6345304756,308.5,40.2732478249166,-7.4992133759563,2018.6345304756,7.9,3.0,264.10762,308.1,-89.9
4104,2018.9626144756,308.5,40.2732478741087,-7.49921336499859,2018.9626144756,8.0,3.2,264.435704,308.1,-89.9
4105,2018.6345304756,308.5,40.2732479364325,-7.49921337838136,2018.6345304756,7.9,3.2,264.10762,308.1,-89.9
4106,2018.6345304756,308.6,40.2732480095952,-7.49921339912915,2018.6345304756,7.9,3.2,264.10762,308.1,-89.9
4107,2018.6345304756,308.5,40.2732480377347,-7.49921342311036,2018.6345304756,7.9,3.4,264.10762,308.1,-89.9
4108,2018.9626144756,308.6,40.2732479929199,-7.49921350520335,2018.9626144756,8.0,3.5,264.435704,308.1,-89.9
4109,2018.6345304756,308.5,40.273248026062,-7.49921351292763,2018.6345304756,7.8,3.5,264.10762,308.1,-89.9
4110,2018.6345304756,308.5,40.2732480669164,-7.49921351526288,2018.6345304756,7.8,3.5,264.10762,308.1,-89.9
4111,2018.9626144756,308.5,40.2732481148578,-7.49921354373495,2018.9626144756,7.9,3.4,264.435704,308.1,-89.9
4112,2018.9626144756,308.5,40.2732481807251,-7.49921364558773,2018.9626144756,7.8,3.5,264.435704,308.1,-89.9
4113,2018.9626144756,308.5,40.2732482376295,-7.49921368852039,2018.9626144756,7.7,3.5,264.435704,308.1,-89.9
4114,2018.9626144756,308.5,40.2732482995364,-7.49921373163268,2018.9626144756,7.6,3.6,264.435704,308.1,-89.9
4115,2018.9626144756,308.5,40.2732483191298,-7.49921373872824,2018.9626144756,7.5,3.6,264.435704,308.1,-89.9
4116,2018.9626144756,308.5,40.273248260558,-7.49921376064365,2018.9626144756,7.5,3.8,264.435704,308.1,-89.9
4117,2018.9626144756,308.5,40.273248288489,-7.49921378606194,2018.9626144756,7.6,3.7,264.435704,308.1,-89.9
4118,2018.9626144756,308.5,40.2732483218396,-7.49921381938415,2018.9626144756,7.5,3.7,264.435704,308.1,-89.9
4119,2018.9626144756,308.5,40.2732483591505,-7.49921382890478,2018.9626144756,7.8,3.6,264.435704,308.1,-89.9
4120,2018.9626144756,308.5,40.2732484304372,-7.49921384695805,2018.9626144756,7.8,3.6,264.435704,308.1,-89.9
4121,2018.6345304756,308.5,40.2732484744183,-7.49921383770687,2018.6345304756,7.8,3.7,264.10762,308.1,-89.9
4122,2018.9626144756,308.5,40.2732485223597,-7.49921382010269,2018.9626144756,7.5,3.7,264.435704,308.1,-89.9
4123,2018.9626144756,308.5,40.2732485323648,-7.4992138388745,2018.9626144756,7.6,3.7,264.435704,308.1,-89.9
4124,2018.9626144756,308.5,40.2732485361167,-7.49921386195753,2018.9626144756,7.6,3.4,264.435704,308.1,-89.9
4125,2018.9626144756,308.5,40.2732484848403,-7.49921387623848,2018.9626144756,7.4,3.3,264.435704,308.1,-89.9
4126,2018.9626144756,308.5,40.2732484825475,-7.49921386599931,2018.9626144756,7.6,3.5,264.435704,308.1,-89.9
4127,2018.9626144756,308.5,40.273248522985,-7.49921385055074,2018.9626144756,7.4,3.6,264.435704,308.1,-89.9
4128,2018.9626144756,308.5,40.2732485765543,-7.49921383061131,2018.9626144756,7.3,3.7,264.435704,308.1,-89.9
4129,2018.9626144756,308.6,40.2732485663407,-7.49921380285777,2018.9626144756,7.5,3.5,264.435704,308.1,-89.9
4130,2018.9626144756,308.5,40.2732485851003,-7.49921377797839,2018.9626144756,7.4,3.4,264.435704,308.1,-89.9
4131,2018.9626144756,308.5,40.2732486319995,-7.49921376001493,2018.9626144756,6.9,3.4,264.435704,308.1,-89.9
4132,2018.9626144756,308.5,40.2732486855688,-7.49921375184156,2018.9626144756,7.0,3.8,264.435704,308.1,-89.9
4133,2018.6345304756,308.5,40.2732486745215,-7.4992138924954,2018.6345304756,7.3,3.7,264.10762,308.1,-89.9
4134,2018.6345304756,308.5,40.2732486565955,-7.49921394952937,2018.6345304756,7.5,3.7,264.10762,308.1,-89.9
4135,2018.6345304756,308.5,40.2732486201184,-7.4992139938991,2018.6345304756,7.7,3.8,264.10762,308.1,-89.9
4136,2018.6345304756,308.5,40.2732485775965,-7.49921403207144,2018.6345304756,7.7,3.7,264.10762,308.1,-89.9
4137,2018.6345304756,308.5,40.2732484358567,-7.49921407599208,2018.6345304756,7.8,3.5,264.10762,308.1,-89.9
4138,2018.6345304756,308.5,40.2732483899997,-7.49921410167982,2018.6345304756,8.0,3.5,264.10762,308.1,-89.9
4139,2018.9626144756,308.6,40.2732483647784,-7.49921415781561,2018.9626144756,8.2,3.7,264.435704,308.1,-89.9
4140,2018.9626144756,308.6,40.2732483439343,-7.4992142201488,2018.9626144756,8.4,3.9,264.435704,308.1,-89.9
4141,2018.9626144756,308.6,40.2732483435174,-7.49921427260208,2018.9626144756,8.2,3.7,264.435704,308.1,-89.9
4142,2018.9626144756,308.6,40.2732483922926,-7.49921439214886,2018.9626144756,8.3,3.4,264.435704,308.1,-89.9
4143,2018.9626144756,308.5,40.2732483656121,-7.49921442834522,2018.9626144756,8.3,3.4,264.435704,308.1,-89.9
4144,2018.9626144756,308.5,40.2732483378895,-7.49921446741573,2018.9626144756,8.3,3.3,264.435704,308.1,-89.9
4145,2018.9626144756,308.5,40.2732483474778,-7.49921450334264,2018.9626144756,7.9,3.7,264.435704,308.1,-89.9
4146,2018.9626144756,308.5,40.2732483558154,-7.4992145619035,2018.9626144756,7.8,4.0,264.435704,308.1,-89.9
4147,2018.9626144756,308.5,40.2732483468525,-7.49921456486747,2018.9626144756,7.9,3.8,264.435704,308.1,-89.9
4148,2018.9626144756,308.4,40.2732483305941,-7.49921456127478,2018.9626144756,8.0,3.8,264.435704,308.1,-89.9
4149,2018.9626144756,308.4,40.2732483418499,-7.49921459280064,2018.9626144756,8.1,4.0,264.435704,308.1,-89.9
4150,2018.9626144756,308.4,40.2732483553985,-7.499214611303,2018.9626144756,7.9,4.1,264.435704,308.1,-89.9
4151,2018.9626144756,308.4,40.2732483781186,-7.49921465531346,2018.9626144756,7.7,4.2,264.435704,308.1,-89.9
4152,2018.9626144756,308.4,40.2732483993796,-7.49921469797666,2018.9626144756,7.7,4.4,264.435704,308.1,-89.9
4153,2018.9626144756,308.4,40.2732484083425,-7.49921473480174,2018.9626144756,7.7,4.2,264.435704,308.1,-89.9
4154,2018.9626144756,308.4,40.2732483931263,-7.4992148406963,2018.9626144756,7.8,4.1,264.435704,308.1,-89.9
4155,2018.9626144756,308.4,40.2732483950023,-7.49921487356942,2018.9626144756,7.8,4.0,264.435704,308.1,-89.9
4156,2019.2906984756,308.4,40.2732484075088,-7.4992149077898,2019.2906984756,7.8,4.0,264.763788,308.1,-89.9
4157,2018.9626144756,308.4,40.273248429395,-7.49921495063264,2018.9626144756,7.5,4.3,264.435704,308.1,-89.9
4158,2018.9626144756,308.4,40.2732484633709,-7.499214995182,2018.9626144756,7.3,4.4,264.435704,308.1,-89.9
4159,2018.9626144756,308.4,40.2732484687904,-7.4992151496677,2018.9626144756,7.3,4.4,264.435704,308.1,-89.9
4160,2018.9626144756,308.4,40.2732485363252,-7.4992152682265,2018.9626144756,7.0,4.8,264.435704,308.1,-89.9
4161,2018.9626144756,308.4,40.2732486078204,-7.49921532202704,2018.9626144756,6.8,5.2,264.435704,308.1,-89.9
4162,2018.9626144756,308.5,40.2732486916136,-7.49921536469024,2018.9626144756,6.7,6.0,264.435704,308.1,-89.9
4163,2018.9626144756,308.5,40.2732489008882,-7.49921555905481,2018.9626144756,6.5,6.1,264.435704,308.1,-89.9
4164,2018.9626144756,308.5,40.2732490534669,-7.49921566315302,2018.9626144756,6.5,6.2,264.435704,308.1,-89.9
4165,2018.9626144756,308.5,40.2732491568535,-7.49921573464757,2018.9626144756,6.6,6.2,264.435704,308.1,-89.9
4166,2018.6345304756,308.5,40.2732492504435,-7.49921579284916,2018.6345304756,6.5,6.2,264.10762,308.1,-89.9
4167,2018.6345304756,308.5,40.2732493242315,-7.49921589973171,2018.6345304756,6.2,6.4,264.10762,308.1,-89.9
4168,2018.6345304756,308.5,40.2732494126104,-7.4992159709568,2018.6345304756,6.1,6.4,264.10762,308.1,-89.9
4169,2018.6345304756,308.5,40.2732494834803,-7.49921599808161,2018.6345304756,6.1,6.5,264.10762,308.1,-89.9
4170,2018.6345304756,308.5,40.2732495497645,-7.49921601245238,2018.6345304756,6.1,6.5,264.10762,308.1,-89.9
4171,2018.6345304756,308.5,40.2732494934855,-7.49921595146645,2018.6345304756,6.3,6.6,264.10762,308.1,-89.9
4172,2018.6345304756,308.5,40.2732495026569,-7.49921595002938,2018.6345304756,6.1,6.4,264.10762,308.1,-89.9
4173,2018.6345304756,308.5,40.2732495380918,-7.49921595308316,2018.6345304756,6.0,6.2,264.10762,308.1,-89.9
4174,2018.6345304756,308.5,40.2732495837404,-7.49921595496933,2018.6345304756,6.0,6.2,264.10762,308.1,-89.9
4175,2018.6345304756,308.5,40.2732496120883,-7.4992159262278,2018.6345304756,5.9,6.2,264.10762,308.1,-89.9
4176,2018.9626144756,308.5,40.2732496531512,-7.49921584673952,2018.9626144756,6.0,6.4,264.435704,308.1,-89.9
4177,2018.9626144756,308.5,40.2732496285551,-7.49921583811706,2018.9626144756,5.7,6.1,264.435704,308.1,-89.9
4178,2018.9626144756,308.4,40.2732495808222,-7.49921584287737,2018.9626144756,6.5,6.0,264.435704,308.1,-89.9
4179,2018.9626144756,308.4,40.273249567482,-7.49921585697869,2018.9626144756,6.1,6.0,264.435704,308.1,-89.9
4180,2018.9626144756,308.5,40.2732495062004,-7.49921595730457,2018.9626144756,6.1,5.9,264.435704,308.1,-89.9
4181,2018.9626144756,308.6,40.273249475768,-7.49921602071557,2018.9626144756,6.5,6.0,264.435704,308.1,-89.9
4182,2018.9626144756,308.6,40.2732494367896,-7.4992160952639,2018.9626144756,7.3,5.7,264.435704,308.1,-89.9
4183,2018.9626144756,308.6,40.2732494203228,-7.49921616981223,2018.9626144756,7.7,6.6,264.435704,308.1,-89.9
4184,2019.2906984756,308.7,40.273249414278,-7.49921627795222,2019.2906984756,7.1,7.1,264.763788,308.1,-89.9
4185,2018.9626144756,308.7,40.2732494426259,-7.49921632744153,2018.9626144756,6.7,6.8,264.435704,308.1,-89.9
4186,2018.9626144756,308.7,40.2732494813959,-7.4992163542969,2018.9626144756,6.5,6.4,264.435704,308.1,-89.9
4187,2018.9626144756,308.6,40.2732495341315,-7.49921632923788,2018.9626144756,6.1,6.6,264.435704,308.1,-89.9
4188,2018.6345304756,308.7,40.2732496641985,-7.49921626160548,2018.6345304756,5.6,6.8,264.10762,308.1,-89.9
4189,2018.3064464756,308.7,40.2732496952562,-7.49921623097779,2018.3064464756,5.1,6.8,263.779536,308.1,-89.9
4190,2018.3064464756,308.6,40.2732496969237,-7.49921619891302,2018.3064464756,5.5,6.8,263.779536,308.1,-89.9
4191,2018.3064464756,308.6,40.2732496446051,-7.49921612678976,2018.3064464756,5.6,6.4,263.779536,308.1,-89.9
4192,2018.3064464756,308.6,40.2732495578937,-7.49921604451714,2018.3064464756,6.0,5.5,263.779536,308.1,-89.9
4193,2018.3064464756,308.6,40.2732494009378,-7.49921599170459,2018.3064464756,6.5,5.1,263.779536,308.1,-89.9
4194,2018.3064464756,308.5,40.2732492894219,-7.49921591670717,2018.3064464756,6.7,5.3,263.779536,308.1,-89.9
4195,2018.3064464756,308.6,40.2732492022936,-7.49921587152908,2018.3064464756,6.7,5.4,263.779536,308.1,-89.9
4196,2018.3064464756,308.6,40.2732491155823,-7.49921583632071,2018.3064464756,7.0,5.4,263.779536,308.1,-89.9
4197,2018.6345304756,308.6,40.2732488915084,-7.49921585796668,2018.6345304756,7.4,5.3,264.10762,308.1,-89.9
4198,2018.6345304756,308.7,40.2732487758237,-7.49921585958339,2018.6345304756,7.5,5.4,264.10762,308.1,-89.9
4199,2018.6345304756,308.7,40.2732486797325,-7.4992158945223,2018.6345304756,7.4,5.5,264.10762,308.1,-89.9
4200,2018.6345304756,308.7,40.2732485894776,-7.49921593970039,2018.6345304756,7.6,5.6,264.10762,308.1,-89.9
4201,2018.6345304756,308.8,40.273248477128,-7.49921596323251,2018.6345304756,7.5,5.9,264.10762,308.1,-89.9
4202,2018.6345304756,308.7,40.2732484037568,-7.49921593943094,2018.6345304756,7.2,5.7,264.10762,308.1,-89.9
4203,2018.9626144756,308.7,40.2732483405992,-7.49921593592806,2018.9626144756,7.3,5.8,264.435704,308.1,-89.9
4204,2018.9626144756,308.7,40.2732482753573,-7.49921593700587,2018.9626144756,7.5,6.2,264.435704,308.1,-89.9
4205,2018.6345304756,308.8,40.2732483016208,-7.49921595416097,2018.6345304756,7.2,6.2,264.10762,308.1,-89.9
4206,2018.9626144756,308.8,40.2732482618086,-7.49921595505914,2018.9626144756,7.3,6.0,264.435704,308.1,-89.9
4207,2018.9626144756,308.8,40.2732482486768,-7.49921599520746,2018.9626144756,8.1,5.7,264.435704,308.1,-89.9
4208,2019.2906984756,308.8,40.2732482426321,-7.49921604667276,2019.2906984756,7.9,5.9,264.763788,308.1,-89.9
4209,2019.2906984756,308.8,40.2732481646752,-7.49921606427694,2019.2906984756,7.9,5.7,264.763788,308.1,-89.9
4210,2019.6187824756,308.7,40.2732480669164,-7.49921613038245,2019.6187824756,8.2,5.4,265.091872,308.1,-89.9
4211,2019.6187824756,308.7,40.273247991044,-7.49921611457461,2019.6187824756,8.2,5.4,265.091872,308.1,-89.9
4212,2019.6187824756,308.7,40.2732479316383,-7.49921609023413,2019.6187824756,8.1,5.3,265.091872,308.1,-89.9
4213,2019.6187824756,308.7,40.2732479107943,-7.49921606373804,2019.6187824756,7.8,5.1,265.091872,308.1,-89.9
4214,2019.6187824756,308.7,40.273247932889,-7.49921599942887,2019.6187824756,7.8,5.4,265.091872,308.1,-89.9
4215,2019.6187824756,308.7,40.2732479051664,-7.49921597841163,2019.6187824756,7.7,5.5,265.091872,308.1,-89.9
4216,2019.6187824756,308.7,40.2732478720243,-7.4992159532628,2019.6187824756,7.5,5.7,265.091872,308.1,-89.9
4217,2019.2906984756,308.7,40.2732478524308,-7.49921592964086,2019.2906984756,7.3,5.5,264.763788,308.1,-89.9
4218,2019.2906984756,308.6,40.2732477851044,-7.49921591347375,2019.2906984756,7.2,5.3,264.763788,308.1,-89.9
4219,2019.2906984756,308.6,40.2732477917745,-7.49921588464241,2019.2906984756,7.2,5.0,264.763788,308.1,-89.9
4220,2019.2906984756,308.6,40.2732478111595,-7.49921585742777,2019.2906984756,7.4,4.9,264.763788,308.1,-89.9
4221,2019.2906984756,308.8,40.2732477980278,-7.49921584072176,2019.2906984756,7.0,5.5,264.763788,308.1,-89.9
4222,2019.6187824756,308.8,40.2732477527961,-7.49921587970246,2019.6187824756,7.1,5.5,265.091872,308.1,-89.9
4223,2019.6187824756,308.9,40.2732477242397,-7.49921583245857,2019.6187824756,7.5,5.1,265.091872,308.1,-89.9
4224,2019.6187824756,308.8,40.2732476910976,-7.49921576805959,2019.6187824756,7.6,4.6,265.091872,308.1,-89.9
4225,2019.6187824756,308.8,40.2732476287738,-7.49921570626531,2019.6187824756,7.7,4.4,265.091872,308.1,-89.9
4226,2019.6187824756,308.7,40.2732475616559,-7.4992156500397,2019.6187824756,7.9,4.6,265.091872,308.1,-89.9
4227,2019.9468664756,308.8,40.2732475009996,-7.49921554396551,2019.9468664756,7.8,4.9,265.419956,308.1,-89.9
4228,2019.6187824756,308.8,40.273247478488,-7.49921548630282,2019.6187824756,7.7,4.9,265.091872,308.1,-89.9
4229,2019.6187824756,308.8,40.2732474457628,-7.49921546753101,2019.6187824756,7.6,4.9,265.091872,308.1,-89.9
4230,2019.6187824756,308.8,40.2732474051168,-7.49921545217226,2019.6187824756,7.6,4.8,265.091872,308.1,-89.9
4231,2019.2906984756,308.8,40.2732473457112,-7.49921546205216,2019.2906984756,7.5,4.6,264.763788,308.1,-89.9
4232,2019.2906984756,308.8,40.2732472940178,-7.49921540636545,2019.2906984756,7.5,4.5,264.763788,308.1,-89.9
4233,2019.2906984756,308.8,40.2732472710893,-7.49921538013881,2019.2906984756,7.7,4.2,264.763788,308.1,-89.9
4234,2019.6187824756,308.8,40.2732472608757,-7.49921536495969,2019.6187824756,7.8,4.2,265.091872,308.1,-89.9
4235,2019.6187824756,308.7,40.2732471408138,-7.49921537995918,2019.6187824756,8.0,4.2,265.091872,308.1,-89.9
4236,2019.6187824756,308.7,40.2732470620232,-7.4992153582234,2019.6187824756,8.1,4.5,265.091872,308.1,-89.9
4237,2019.2906984756,308.7,40.2732470551446,-7.49921533927195,2019.2906984756,8.0,4.7,264.763788,308.1,-89.9
4238,2019.2906984756,308.7,40.2732470755718,-7.49921531978161,2019.2906984756,7.8,4.7,264.763788,308.1,-89.9
4239,2019.2906984756,308.7,40.2732471629085,-7.4992153889409,2019.2906984756,7.9,5.0,264.763788,308.1,-89.9
4240,2019.2906984756,308.7,40.2732471931325,-7.49921541813152,2019.2906984756,7.6,5.4,264.763788,308.1,-89.9
4241,2019.2906984756,308.7,40.2732472456596,-7.49921544256181,2019.2906984756,7.4,5.6,264.763788,308.1,-89.9
4242,2019.2906984756,308.7,40.2732473036061,-7.49921546456704,2019.2906984756,7.4,5.6,264.763788,308.1,-89.9
4243,2019.2906984756,308.7,40.273247344669,-7.49921547049498,2019.2906984756,7.4,5.8,264.763788,308.1,-89.9
4244,2018.9626144756,308.7,40.2732474192908,-7.49921549573363,2018.9626144756,7.3,5.8,264.435704,308.1,-89.9
4245,2019.2906984756,308.7,40.273247464314,-7.49921551423599,2019.2906984756,7.3,5.8,264.763788,308.1,-89.9
4246,2018.9626144756,308.8,40.2732475103794,-7.49921553264853,2018.9626144756,7.3,5.9,264.435704,308.1,-89.9
4247,2018.9626144756,308.8,40.2732475041262,-7.49921551773886,2018.9626144756,7.1,5.7,264.435704,308.1,-89.9
4248,2018.9626144756,308.7,40.2732474374251,-7.4992155350736,2018.9626144756,7.4,5.3,264.435704,308.1,-89.9
4249,2018.9626144756,308.7,40.2732474340901,-7.49921549690126,2018.9626144756,7.4,5.2,264.435704,308.1,-89.9
4250,2018.9626144756,308.7,40.2732474409686,-7.49921545280098,2018.9626144756,7.6,5.2,264.435704,308.1,-89.9
4251,2018.9626144756,308.7,40.2732474297128,-7.49921542181402,2018.9626144756,7.5,5.2,264.435704,308.1,-89.9
4252,2018.9626144756,308.7,40.273247408035,-7.49921539388085,2018.9626144756,7.6,5.1,264.435704,308.1,-89.9
4253,2018.9626144756,308.7,40.2732473940694,-7.49921535005003,2018.9626144756,7.7,5.2,264.435704,308.1,-89.9
4254,2018.9626144756,308.7,40.2732473836474,-7.49921530020144,2018.9626144756,7.6,5.2,264.435704,308.1,-89.9
4255,2018.9626144756,308.7,40.2732473442521,-7.49921529211789,2018.9626144756,7.6,5.3,264.435704,308.1,-89.9
4256,2018.9626144756,308.8,40.273247219396,-7.49921531259623,2018.9626144756,7.8,5.5,264.435704,308.1,-89.9
4257,2018.9626144756,308.8,40.2732471977182,-7.49921529292624,2018.9626144756,7.8,5.4,264.435704,308.1,-89.9
4258,2018.9626144756,308.8,40.2732471810429,-7.499215263556,2018.9626144756,7.9,5.4,264.435704,308.1,-89.9
4259,2018.9626144756,308.8,40.2732471781247,-7.49921526113093,2018.9626144756,8.0,5.6,264.435704,308.1,-89.9
4260,2018.9626144756,308.8,40.2732471712462,-7.49921526032258,2018.9626144756,8.0,5.5,264.435704,308.1,-89.9
4261,2018.6345304756,308.7,40.2732472185622,-7.49921525780769,2018.6345304756,8.3,5.1,264.10762,308.1,-89.9
4262,2018.9626144756,308.7,40.2732472308603,-7.49921524855651,2018.9626144756,8.0,5.1,264.435704,308.1,-89.9
4263,2018.9626144756,308.7,40.2732472569154,-7.49921519547451,2018.9626144756,7.6,5.4,264.435704,308.1,-89.9
4264,2018.9626144756,308.6,40.2732472919334,-7.49921513179407,2018.9626144756,7.7,5.3,264.435704,308.1,-89.9
4265,2019.2906984756,308.6,40.2732473946948,-7.49921520212099,2019.2906984756,7.7,6.0,264.763788,308.1,-89.9
4266,2018.9626144756,308.6,40.2732474459712,-7.49921520203117,2018.9626144756,7.4,5.6,264.435704,308.1,-89.9
4267,2018.9626144756,308.5,40.2732475041262,-7.49921514903898,2018.9626144756,7.2,4.8,264.435704,308.1,-89.9
4268,2018.6345304756,308.5,40.2732475918798,-7.49921508212512,2018.6345304756,6.9,5.6,264.10762,308.1,-89.9
4269,2018.6345304756,308.7,40.2732477379968,-7.49921504080917,2018.6345304756,6.0,6.9,264.10762,308.1,-89.9
4270,2018.6345304756,308.8,40.2732478440932,-7.49921499347547,2018.6345304756,5.8,7.3,264.10762,308.1,-89.9
4271,2018.6345304756,308.8,40.2732478509717,-7.49921490464619,2018.6345304756,6.2,6.4,264.10762,308.1,-89.9
4272,2018.3064464756,308.6,40.2732478219985,-7.49921480216469,2018.3064464756,7.0,4.8,263.779536,308.1,-89.9
4273,2018.3064464756,308.6,40.2732478194972,-7.49921468504298,2018.3064464756,6.9,5.6,263.779536,308.1,-89.9
4274,2018.3064464756,308.7,40.273247850138,-7.49921460429725,2018.3064464756,6.7,5.8,263.779536,308.1,-89.9
4275,2018.6345304756,308.8,40.2732478299192,-7.49921453971864,2018.6345304756,7.2,5.4,264.10762,308.1,-89.9
4276,2018.3064464756,308.7,40.2732477888564,-7.49921447379276,2018.3064464756,7.4,5.2,263.779536,308.1,-89.9
4277,2018.6345304756,308.7,40.2732477429994,-7.49921443193792,2018.6345304756,7.4,5.0,264.10762,308.1,-89.9
4278,2018.6345304756,308.6,40.2732476366946,-7.49921448313376,2018.6345304756,7.5,5.1,264.10762,308.1,-89.9
4279,2018.9626144756,308.6,40.2732476210615,-7.49921444612904,2018.9626144756,7.4,5.2,264.435704,308.1,-89.9
4280,2018.9626144756,308.6,40.273247617518,-7.49921440202876,2018.9626144756,7.3,5.1,264.435704,308.1,-89.9
4281,2018.9626144756,308.5,40.2732476433647,-7.49921435370707,2018.9626144756,7.1,5.2,264.435704,308.1,-89.9
4282,2018.9626144756,308.5,40.273247726741,-7.49921434104284,2018.9626144756,6.8,5.4,264.435704,308.1,-89.9
4283,2018.9626144756,308.5,40.2732477484188,-7.49921432514518,2018.9626144756,6.5,5.4,264.435704,308.1,-89.9
4284,2019.2906984756,308.6,40.2732477684292,-7.49921431715145,2019.2906984756,6.4,5.7,264.763788,308.1,-89.9
4285,2018.9626144756,308.6,40.2732478007375,-7.49921428697284,2018.9626144756,6.3,6.0,264.435704,308.1,-89.9
4286,2018.9626144756,308.5,40.2732477963602,-7.49921431104387,2018.9626144756,6.3,5.9,264.435704,308.1,-89.9
4287,2018.9626144756,308.4,40.2732478599347,-7.49921420227516,2018.9626144756,6.2,5.5,264.435704,308.1,-89.9
4288,2018.6345304756,308.4,40.2732479489389,-7.4992140583879,2018.6345304756,5.7,5.2,264.10762,308.1,-89.9
4289,2018.6345304756,308.4,40.2732480460724,-7.49921397683382,2018.6345304756,5.3,5.1,264.10762,308.1,-89.9
4290,2018.9626144756,308.5,40.2732482347113,-7.4992138898907,2018.9626144756,5.0,5.4,264.435704,308.1,-89.9
4291,2018.9626144756,308.6,40.2732483358051,-7.49921382755752,2018.9626144756,4.7,5.8,264.435704,308.1,-89.9
4292,2018.9626144756,308.7,40.2732484339807,-7.49921375812877,2018.9626144756,4.5,6.0,264.435704,308.1,-89.9
4293,2018.9626144756,308.7,40.2732485421615,-7.49921366301228,2018.9626144756,4.4,6.0,264.435704,308.1,-89.9
4294,2018.6345304756,308.7,40.2732486488832,-7.49921355765663,2018.6345304756,4.3,5.9,264.10762,308.1,-89.9
4295,2018.6345304756,308.8,40.2732487320511,-7.49921343918765,2018.6345304756,4.6,5.9,264.10762,308.1,-89.9
4296,2018.6345304756,308.7,40.2732487282992,-7.4992133364367,2018.6345304756,4.7,5.5,264.10762,308.1,-89.9
4297,2018.3064464756,308.7,40.2732487193362,-7.49921324778706,2018.3064464756,5.0,5.5,263.779536,308.1,-89.9
4298,2018.6345304756,308.7,40.2732486984922,-7.49921316362828,2018.6345304756,5.4,5.4,264.10762,308.1,-89.9
4299,2018.3064464756,308.6,40.2732485502907,-7.49921313847944,2018.3064464756,5.8,5.1,263.779536,308.1,-89.9
4300,2018.6345304756,308.7,40.2732483453934,-7.49921313632383,2018.6345304756,5.9,5.2,264.10762,308.1,-89.9
4301,2018.6345304756,308.7,40.2732482176192,-7.49921310372016,2018.6345304756,6.1,5.2,264.10762,308.1,-89.9
4302,2018.6345304756,308.6,40.2732481165254,-7.49921306500892,2018.6345304756,6.4,5.2,264.10762,308.1,-89.9
4303,2018.6345304756,308.6,40.2732480740034,-7.49921318222045,2018.6345304756,6.9,5.3,264.10762,308.1,-89.9
4304,2018.9626144756,308.6,40.2732480268958,-7.49921323512282,2018.9626144756,6.9,5.6,264.435704,308.1,-89.9
4305,2018.9626144756,308.6,40.273248022727,-7.49921329574948,2018.9626144756,6.9,5.4,264.435704,308.1,-89.9
4306,2018.9626144756,308.6,40.2732480304393,-7.4992133556576,2018.9626144756,7.0,5.1,264.435704,308.1,-89.9
4307,2018.9626144756,308.7,40.2732480214763,-7.49921349262893,2018.9626144756,7.1,5.5,264.435704,308.1,-89.9
4308,2019.2906984756,308.7,40.2732479756193,-7.499213530442,2019.2906984756,7.1,5.8,264.763788,308.1,-89.9
4309,2018.9626144756,308.7,40.2732479576934,-7.49921353484304,2018.9626144756,7.0,6.1,264.435704,308.1,-89.9
4310,2018.9626144756,308.7,40.2732479466461,-7.49921352199917,2018.9626144756,6.7,6.1,264.435704,308.1,-89.9
4311,2018.9626144756,308.7,40.2732479372662,-7.49921352774748,2018.9626144756,6.6,5.8,264.435704,308.1,-89.9
4312,2018.9626144756,308.7,40.2732479289286,-7.49921352478351,2018.9626144756,6.5,5.8,264.435704,308.1,-89.9
4313,2018.9626144756,308.6,40.2732479408097,-7.49921350376627,2018.9626144756,6.4,5.8,264.435704,308.1,-89.9
4314,2018.9626144756,308.6,40.2732479547753,-7.49921347134224,2018.9626144756,6.6,5.8,264.435704,308.1,-89.9
4315,2019.2906984756,308.6,40.2732479230923,-7.49921343146337,2019.2906984756,6.7,5.5,264.763788,308.1,-89.9
4316,2019.2906984756,308.7,40.2732478507633,-7.49921333715524,2019.2906984756,6.5,5.2,264.763788,308.1,-89.9
4317,2019.2906984756,308.7,40.2732478180381,-7.49921326997192,2019.2906984756,6.5,5.4,264.763788,308.1,-89.9
4318,2019.2906984756,308.7,40.2732477807272,-7.49921321248887,2019.2906984756,6.5,5.3,264.763788,308.1,-89.9
4319,2019.2906984756,308.7,40.2732476867204,-7.49921309482825,2019.2906984756,6.5,5.2,264.763788,308.1,-89.9
4320,2019.2906984756,308.7,40.2732476671269,-7.49921305935043,2019.2906984756,6.5,5.0,264.763788,308.1,-89.9
4321,2019.2906984756,308.7,40.2732476535783,-7.49921303968045,2019.2906984756,6.6,5.1,264.763788,308.1,-89.9
4322,2019.2906984756,308.7,40.2732476462828,-7.49921301120837,2019.2906984756,6.6,5.0,264.763788,308.1,-89.9
4323,2019.2906984756,308.7,40.2732477015197,-7.49921302962091,2019.2906984756,6.7,4.9,264.763788,308.1,-89.9
4324,2019.2906984756,308.7,40.2732476981846,-7.49921304057862,2019.2906984756,6.9,4.9,264.763788,308.1,-89.9
4325,2019.2906984756,308.7,40.2732476942242,-7.49921306572745,2019.2906984756,7.1,5.1,264.763788,308.1,-89.9
4326,2019.6187824756,308.7,40.2732476571218,-7.49921306608672,2019.6187824756,7.2,5.1,265.091872,308.1,-89.9
4327,2019.6187824756,308.7,40.2732476079297,-7.49921305656609,2019.6187824756,7.3,5.0,265.091872,308.1,-89.9
4328,2019.6187824756,308.7,40.2732475210099,-7.49921312033635,2019.6187824756,7.3,5.0,265.091872,308.1,-89.9
4329,2019.6187824756,308.7,40.2732474657731,-7.49921312985698,2019.6187824756,7.5,5.0,265.091872,308.1,-89.9
4330,2019.6187824756,308.7,40.2732474167895,-7.49921313300059,2019.6187824756,7.5,5.0,265.091872,308.1,-89.9
4331,2019.6187824756,308.7,40.2732473730169,-7.49921312859954,2019.6187824756,7.4,5.1,265.091872,308.1,-89.9
4332,2019.2906984756,308.7,40.2732473600936,-7.49921312877918,2019.2906984756,7.3,5.0,264.763788,308.1,-89.9
4333,2019.6187824756,308.7,40.2732473840643,-7.49921310425906,2019.6187824756,7.1,5.0,265.091872,308.1,-89.9
4334,2019.2906984756,308.6,40.2732473844812,-7.4992130794695,2019.2906984756,7.2,5.0,264.763788,308.1,-89.9
4335,2019.2906984756,308.6,40.273247381563,-7.49921305153633,2019.2906984756,7.1,5.1,264.763788,308.1,-89.9
4336,2019.2906984756,308.7,40.2732474109531,-7.49921304120734,2019.2906984756,7.0,5.1,264.763788,308.1,-89.9
4337,2019.2906984756,308.7,40.2732474382589,-7.49921301174728,2019.2906984756,7.0,5.2,264.763788,308.1,-89.9
4338,2019.2906984756,308.7,40.2732474230427,-7.49921298767625,2019.2906984756,6.9,5.1,264.763788,308.1,-89.9
4339,2019.2906984756,308.7,40.2732473976129,-7.49921296100052,2019.2906984756,7.0,4.9,264.763788,308.1,-89.9
4340,2019.2906984756,308.7,40.2732473236164,-7.49921300869349,2019.2906984756,6.9,4.8,264.763788,308.1,-89.9
4341,2019.2906984756,308.7,40.2732473254924,-7.49921299980158,2019.2906984756,7.1,4.7,264.763788,308.1,-89.9
4342,2019.2906984756,308.6,40.2732473352891,-7.49921300105902,2019.2906984756,7.1,4.7,264.763788,308.1,-89.9
4343,2019.2906984756,308.7,40.2732473527981,-7.49921300294518,2019.2906984756,6.8,5.3,264.763788,308.1,-89.9
4344,2019.2906984756,308.7,40.2732474026155,-7.49921296998225,2019.2906984756,6.6,5.3,264.763788,308.1,-89.9
4345,2019.2906984756,308.6,40.2732475330995,-7.49921293378589,2019.2906984756,6.8,4.8,264.763788,308.1,-89.9
4346,2019.2906984756,308.6,40.2732475576955,-7.499212913577,2019.2906984756,7.0,4.6,264.763788,308.1,-89.9
4347,2019.2906984756,308.6,40.273247580624,-7.49921290414619,2019.2906984756,6.9,4.9,264.763788,308.1,-89.9
4348,2019.2906984756,308.7,40.2732475837506,-7.49921286633312,2019.2906984756,6.8,5.2,264.763788,308.1,-89.9
4349,2019.6187824756,308.7,40.2732475245534,-7.49921278109653,2019.6187824756,6.9,5.1,265.091872,308.1,-89.9
4350,2019.2906984756,308.7,40.2732475493578,-7.49921275145683,2019.2906984756,6.9,4.9,264.763788,308.1,-89.9
4351,2019.2906984756,308.7,40.2732475812493,-7.49921272046988,2019.2906984756,6.6,4.9,264.763788,308.1,-89.9
4352,2019.2906984756,308.7,40.273247585835,-7.49921269954245,2019.2906984756,6.8,4.8,264.763788,308.1,-89.9
4353,2018.9626144756,308.7,40.2732476068875,-7.49921275819313,2018.9626144756,6.8,4.8,264.435704,308.1,-89.9
4354,2018.9626144756,308.7,40.2732475900038,-7.49921269433305,2018.9626144756,6.6,4.7,264.435704,308.1,-89.9
4355,2018.9626144756,308.6,40.2732475633234,-7.49921261601239,2018.9626144756,6.7,4.6,264.435704,308.1,-89.9
4356,2018.9626144756,308.6,40.2732475393527,-7.4992125442484,2018.9626144756,7.0,4.4,264.435704,308.1,-89.9
4357,2018.9626144756,308.7,40.2732474674406,-7.4992124033251,2018.9626144756,6.6,4.7,264.435704,308.1,-89.9
4358,2018.9626144756,308.7,40.2732474605621,-7.49921236569167,2018.9626144756,6.8,4.9,264.435704,308.1,-89.9
4359,2018.9626144756,308.7,40.273247448264,-7.49921234072247,2018.9626144756,7.0,5.0,264.435704,308.1,-89.9
4360,2019.2906984756,308.7,40.2732473961538,-7.49921233560288,2019.2906984756,7.2,5.0,264.763788,308.1,-89.9
4361,2019.2906984756,308.8,40.2732473221573,-7.49921233263891,2019.2906984756,7.5,5.0,264.763788,308.1,-89.9
4362,2019.2906984756,308.8,40.2732472043883,-7.49921239847497,2019.2906984756,7.6,4.6,264.763788,308.1,-89.9
